{"train/loss": 2.836026673426238, "valid_DtQ1/acc": 0.07407407462596893, "valid_DfQ2/acc": 0.0, "valid_Dt3/acc": 0.003703703638166189, "valid_Df4/acc": 0.0, "val/loss": 6.1657562255859375, "_timestamp": 1708199520.8410769, "_runtime": 170.56742978096008, "_step": 1569}