{"train/loss": 2.381576099507713, "valid_DtQ1/acc": 0.07407407462596893, "valid_DfQ2/acc": 0.0, "valid_Dt3/acc": 0.003703703638166189, "valid_Df4/acc": 0.0035714285913854837, "val/loss": 6.65411901473999, "_timestamp": 1708199652.9734886, "_runtime": 302.6998414993286, "_step": 2856}