{"train/loss": 2.370856287986501, "valid_DtQ1/acc": 0.0, "valid_DfQ2/acc": 0.03703703731298447, "valid_Dt3/acc": 0.01111111044883728, "valid_Df4/acc": 0.0035714285913854837, "val/loss": 7.325058698654175, "_timestamp": 1708199520.7818987, "_runtime": 313.0559787750244, "_step": 2692}