{"train/loss": 2.116263111231237, "valid_DtQ1/acc": 0.0, "valid_DfQ2/acc": 0.03703703731298447, "valid_Dt3/acc": 0.01111111044883728, "valid_Df4/acc": 0.0071428571827709675, "val/loss": 7.715169906616211, "_timestamp": 1708199652.8447442, "_runtime": 445.11882424354553, "_step": 3882}